{"cameraMode":{"drawMode":0,"name":"Shaded","section":"Shading Mode"},"sceneLighting":false,"audioPlay":false,"sceneViewState":{"m_AlwaysRefresh":false,"showFog":true,"showSkybox":false,"showFlares":true,"showImageEffects":true,"showParticleSystems":true,"showVisualEffectGraphs":true,"m_FxEnabled":true},"in2DMode":false,"pivot":{"x":0.15195855498313905,"y":0.9939515590667725,"z":0.29702913761138918},"rotation":{"x":-0.024687062948942186,"y":0.947877824306488,"z":-0.07580787688493729,"w":-0.3085494637489319},"size":1.0866433382034302,"orthographic":true}