{"cameraMode":{"drawMode":0,"name":"Shaded","section":"Shading Mode"},"sceneLighting":true,"audioPlay":false,"sceneViewState":{"m_AlwaysRefresh":false,"showFog":true,"showSkybox":true,"showFlares":true,"showImageEffects":true,"showParticleSystems":true,"showVisualEffectGraphs":true,"m_FxEnabled":true},"in2DMode":false,"pivot":{"x":25.82994842529297,"y":-20.443939208984376,"z":-6.729103088378906},"rotation":{"x":-0.037709206342697147,"y":0.9452070593833923,"z":-0.30205637216567995,"w":-0.11800120025873184},"size":51.041194915771487,"orthographic":false}