{"cameraMode":{"drawMode":0,"name":"Shaded","section":"Shading Mode"},"sceneLighting":false,"audioPlay":false,"sceneViewState":{"m_AlwaysRefresh":false,"showFog":true,"showSkybox":false,"showFlares":true,"showImageEffects":true,"showParticleSystems":true,"showVisualEffectGraphs":true,"m_FxEnabled":true},"in2DMode":false,"pivot":{"x":-0.6335062980651856,"y":-0.08579665422439575,"z":0.17064686119556428},"rotation":{"x":0.09918894618749619,"y":-0.7056563496589661,"z":0.10080848634243012,"w":0.6943122744560242},"size":1.5392043590545655,"orthographic":false}