{"cameraMode":{"drawMode":0,"name":"Shaded","section":"Shading Mode"},"sceneLighting":false,"audioPlay":false,"sceneViewState":{"m_AlwaysRefresh":false,"showFog":true,"showSkybox":false,"showFlares":true,"showImageEffects":true,"showParticleSystems":true,"showVisualEffectGraphs":true,"m_FxEnabled":true},"in2DMode":false,"pivot":{"x":-0.0751197338104248,"y":0.3303949236869812,"z":0.0305977463722229},"rotation":{"x":0.03832489252090454,"y":-0.8604382276535034,"z":0.06542830169200897,"w":0.5039079189300537},"size":0.5218764543533325,"orthographic":false}