{"cameraMode":{"drawMode":0,"name":"Shaded","section":"Shading Mode"},"sceneLighting":false,"audioPlay":false,"sceneViewState":{"m_AlwaysRefresh":false,"showFog":true,"showSkybox":false,"showFlares":true,"showImageEffects":true,"showParticleSystems":true,"showVisualEffectGraphs":true,"m_FxEnabled":true},"in2DMode":false,"pivot":{"x":-0.0012993812561035157,"y":-0.008124619722366333,"z":0.017831921577453615},"rotation":{"x":-0.1944975107908249,"y":0.25474900007247927,"z":-0.05237618461251259,"w":-0.9458135366439819},"size":0.7021481990814209,"orthographic":false}